[{"model": "auth.permission", "pk": 1, "fields": {"name": "Can add log entry", "content_type": 1, "codename": "add_logentry"}}, {"model": "auth.permission", "pk": 2, "fields": {"name": "Can change log entry", "content_type": 1, "codename": "change_logentry"}}, {"model": "auth.permission", "pk": 3, "fields": {"name": "Can delete log entry", "content_type": 1, "codename": "delete_logentry"}}, {"model": "auth.permission", "pk": 4, "fields": {"name": "Can view log entry", "content_type": 1, "codename": "view_logentry"}}, {"model": "auth.permission", "pk": 5, "fields": {"name": "Can add permission", "content_type": 2, "codename": "add_permission"}}, {"model": "auth.permission", "pk": 6, "fields": {"name": "Can change permission", "content_type": 2, "codename": "change_permission"}}, {"model": "auth.permission", "pk": 7, "fields": {"name": "Can delete permission", "content_type": 2, "codename": "delete_permission"}}, {"model": "auth.permission", "pk": 8, "fields": {"name": "Can view permission", "content_type": 2, "codename": "view_permission"}}, {"model": "auth.permission", "pk": 9, "fields": {"name": "Can add group", "content_type": 3, "codename": "add_group"}}, {"model": "auth.permission", "pk": 10, "fields": {"name": "Can change group", "content_type": 3, "codename": "change_group"}}, {"model": "auth.permission", "pk": 11, "fields": {"name": "Can delete group", "content_type": 3, "codename": "delete_group"}}, {"model": "auth.permission", "pk": 12, "fields": {"name": "Can view group", "content_type": 3, "codename": "view_group"}}, {"model": "auth.permission", "pk": 13, "fields": {"name": "Can add user", "content_type": 4, "codename": "add_user"}}, {"model": "auth.permission", "pk": 14, "fields": {"name": "Can change user", "content_type": 4, "codename": "change_user"}}, {"model": "auth.permission", "pk": 15, "fields": {"name": "Can delete user", "content_type": 4, "codename": "delete_user"}}, {"model": "auth.permission", "pk": 16, "fields": {"name": "Can view user", "content_type": 4, "codename": "view_user"}}, {"model": "auth.permission", "pk": 17, "fields": {"name": "Can add content type", "content_type": 5, "codename": "add_contenttype"}}, {"model": "auth.permission", "pk": 18, "fields": {"name": "Can change content type", "content_type": 5, "codename": "change_contenttype"}}, {"model": "auth.permission", "pk": 19, "fields": {"name": "Can delete content type", "content_type": 5, "codename": "delete_contenttype"}}, {"model": "auth.permission", "pk": 20, "fields": {"name": "Can view content type", "content_type": 5, "codename": "view_contenttype"}}, {"model": "auth.permission", "pk": 21, "fields": {"name": "Can add session", "content_type": 6, "codename": "add_session"}}, {"model": "auth.permission", "pk": 22, "fields": {"name": "Can change session", "content_type": 6, "codename": "change_session"}}, {"model": "auth.permission", "pk": 23, "fields": {"name": "Can delete session", "content_type": 6, "codename": "delete_session"}}, {"model": "auth.permission", "pk": 24, "fields": {"name": "Can view session", "content_type": 6, "codename": "view_session"}}, {"model": "auth.permission", "pk": 25, "fields": {"name": "Can add \u0422\u0438\u043f", "content_type": 7, "codename": "add_type"}}, {"model": "auth.permission", "pk": 26, "fields": {"name": "Can change \u0422\u0438\u043f", "content_type": 7, "codename": "change_type"}}, {"model": "auth.permission", "pk": 27, "fields": {"name": "Can delete \u0422\u0438\u043f", "content_type": 7, "codename": "delete_type"}}, {"model": "auth.permission", "pk": 28, "fields": {"name": "Can view \u0422\u0438\u043f", "content_type": 7, "codename": "view_type"}}, {"model": "auth.permission", "pk": 29, "fields": {"name": "Can add \u0422\u043e\u0432\u0430\u0440", "content_type": 8, "codename": "add_product"}}, {"model": "auth.permission", "pk": 30, "fields": {"name": "Can change \u0422\u043e\u0432\u0430\u0440", "content_type": 8, "codename": "change_product"}}, {"model": "auth.permission", "pk": 31, "fields": {"name": "Can delete \u0422\u043e\u0432\u0430\u0440", "content_type": 8, "codename": "delete_product"}}, {"model": "auth.permission", "pk": 32, "fields": {"name": "Can view \u0422\u043e\u0432\u0430\u0440", "content_type": 8, "codename": "view_product"}}, {"model": "auth.permission", "pk": 33, "fields": {"name": "Can add \u041f\u043e\u0434\u0442\u0438\u043f", "content_type": 9, "codename": "add_subtype"}}, {"model": "auth.permission", "pk": 34, "fields": {"name": "Can change \u041f\u043e\u0434\u0442\u0438\u043f", "content_type": 9, "codename": "change_subtype"}}, {"model": "auth.permission", "pk": 35, "fields": {"name": "Can delete \u041f\u043e\u0434\u0442\u0438\u043f", "content_type": 9, "codename": "delete_subtype"}}, {"model": "auth.permission", "pk": 36, "fields": {"name": "Can view \u041f\u043e\u0434\u0442\u0438\u043f", "content_type": 9, "codename": "view_subtype"}}, {"model": "auth.permission", "pk": 37, "fields": {"name": "Can add \u0421\u0442\u0430\u0442\u044c\u044f", "content_type": 10, "codename": "add_article"}}, {"model": "auth.permission", "pk": 38, "fields": {"name": "Can change \u0421\u0442\u0430\u0442\u044c\u044f", "content_type": 10, "codename": "change_article"}}, {"model": "auth.permission", "pk": 39, "fields": {"name": "Can delete \u0421\u0442\u0430\u0442\u044c\u044f", "content_type": 10, "codename": "delete_article"}}, {"model": "auth.permission", "pk": 40, "fields": {"name": "Can view \u0421\u0442\u0430\u0442\u044c\u044f", "content_type": 10, "codename": "view_article"}}, {"model": "auth.permission", "pk": 41, "fields": {"name": "Can add \u041f\u043e\u0437\u0438\u0446\u0438\u044f \u0437\u0430\u043a\u0430\u0437\u0430", "content_type": 11, "codename": "add_detailorder"}}, {"model": "auth.permission", "pk": 42, "fields": {"name": "Can change \u041f\u043e\u0437\u0438\u0446\u0438\u044f \u0437\u0430\u043a\u0430\u0437\u0430", "content_type": 11, "codename": "change_detailorder"}}, {"model": "auth.permission", "pk": 43, "fields": {"name": "Can delete \u041f\u043e\u0437\u0438\u0446\u0438\u044f \u0437\u0430\u043a\u0430\u0437\u0430", "content_type": 11, "codename": "delete_detailorder"}}, {"model": "auth.permission", "pk": 44, "fields": {"name": "Can view \u041f\u043e\u0437\u0438\u0446\u0438\u044f \u0437\u0430\u043a\u0430\u0437\u0430", "content_type": 11, "codename": "view_detailorder"}}, {"model": "auth.permission", "pk": 45, "fields": {"name": "Can add \u041e\u0442\u0437\u044b\u0432", "content_type": 12, "codename": "add_review"}}, {"model": "auth.permission", "pk": 46, "fields": {"name": "Can change \u041e\u0442\u0437\u044b\u0432", "content_type": 12, "codename": "change_review"}}, {"model": "auth.permission", "pk": 47, "fields": {"name": "Can delete \u041e\u0442\u0437\u044b\u0432", "content_type": 12, "codename": "delete_review"}}, {"model": "auth.permission", "pk": 48, "fields": {"name": "Can view \u041e\u0442\u0437\u044b\u0432", "content_type": 12, "codename": "view_review"}}, {"model": "auth.permission", "pk": 49, "fields": {"name": "Can add \u0417\u0430\u043a\u0430\u0437", "content_type": 13, "codename": "add_order"}}, {"model": "auth.permission", "pk": 50, "fields": {"name": "Can change \u0417\u0430\u043a\u0430\u0437", "content_type": 13, "codename": "change_order"}}, {"model": "auth.permission", "pk": 51, "fields": {"name": "Can delete \u0417\u0430\u043a\u0430\u0437", "content_type": 13, "codename": "delete_order"}}, {"model": "auth.permission", "pk": 52, "fields": {"name": "Can view \u0417\u0430\u043a\u0430\u0437", "content_type": 13, "codename": "view_order"}}, {"model": "auth.user", "pk": 1, "fields": {"password": "pbkdf2_sha256$150000$ASjo5ddBK4xz$+LKBa9EMkx4Cq5rBYVUngZ/qakwHKGiDnJ1zgIExW8Y=", "last_login": "2019-12-14T17:46:27.977Z", "is_superuser": true, "username": "admin", "first_name": "", "last_name": "", "email": "", "is_staff": true, "is_active": true, "date_joined": "2019-12-12T00:32:43Z", "groups": [], "user_permissions": []}}, {"model": "auth.user", "pk": 2, "fields": {"password": "pbkdf2_sha256$150000$C3Qwci5yK3at$CPBjbdQ7WA8uCrLeIC295KcJObnklpoA3xZmD/n/7wI=", "last_login": "2019-12-14T15:43:41Z", "is_superuser": false, "username": "felix@gmail.com", "first_name": "", "last_name": "", "email": "", "is_staff": false, "is_active": true, "date_joined": "2019-12-12T02:09:10Z", "groups": [], "user_permissions": []}}, {"model": "sessions.session", "pk": "o5tfq1gisy4kqwoze4jqh9gw4se54r8s", "fields": {"session_data": "MDc5YzRjNGYwNzhjNTc0NzYxMzM4MzI4OTg3NjViMWM0OWYyMmMwYzp7Il9hdXRoX3VzZXJfaWQiOiIyIiwiX2F1dGhfdXNlcl9iYWNrZW5kIjoiZGphbmdvLmNvbnRyaWIuYXV0aC5iYWNrZW5kcy5Nb2RlbEJhY2tlbmQiLCJfYXV0aF91c2VyX2hhc2giOiI0MTM1NDc4OTZkZTZmZDk1YTkzMDRiNDE1ZGY2MzIwNzZmOWUxNjQ3In0=", "expire_date": "2019-12-28T15:43:41.560Z"}}, {"model": "sessions.session", "pk": "w4mmy5campvk76j4sj9h7vc021hukr2r", "fields": {"session_data": "ZGY5MzY4YmMzZGU0ZDhmMWE1Y2RlMWQ0ZWJmNWE2YTQ3MDcyYzc1ZDp7Il9hdXRoX3VzZXJfaWQiOiIxIiwiX2F1dGhfdXNlcl9iYWNrZW5kIjoiZGphbmdvLmNvbnRyaWIuYXV0aC5iYWNrZW5kcy5Nb2RlbEJhY2tlbmQiLCJfYXV0aF91c2VyX2hhc2giOiI0MGE5MmE2M2JiYmEzMWZkY2YwZWU1YWJlMjFlZmYyZDRmZTZjMzg4In0=", "expire_date": "2019-12-28T17:46:28.044Z"}}, {"model": "sessions.session", "pk": "z3myosyct274pw713wp0roy9dhgrqxd8", "fields": {"session_data": "ZGY5MzY4YmMzZGU0ZDhmMWE1Y2RlMWQ0ZWJmNWE2YTQ3MDcyYzc1ZDp7Il9hdXRoX3VzZXJfaWQiOiIxIiwiX2F1dGhfdXNlcl9iYWNrZW5kIjoiZGphbmdvLmNvbnRyaWIuYXV0aC5iYWNrZW5kcy5Nb2RlbEJhY2tlbmQiLCJfYXV0aF91c2VyX2hhc2giOiI0MGE5MmE2M2JiYmEzMWZkY2YwZWU1YWJlMjFlZmYyZDRmZTZjMzg4In0=", "expire_date": "2019-12-28T16:44:57.150Z"}}, {"model": "wsapp.type", "pk": 1, "fields": {"title_t": "\u0413\u0430\u0434\u0436\u0435\u0442\u044b"}}, {"model": "wsapp.type", "pk": 2, "fields": {"title_t": "\u0410\u043a\u0441\u0435\u0441\u0443\u0430\u0440\u044b"}}, {"model": "wsapp.type", "pk": 3, "fields": {"title_t": "\u041e\u0434\u0435\u0436\u0434\u0430"}}, {"model": "wsapp.subtype", "pk": 1, "fields": {"title_subt": "\u0421\u043c\u0430\u0440\u0442\u0444\u043e\u043d\u044b", "type": 1}}, {"model": "wsapp.subtype", "pk": 2, "fields": {"title_subt": "\u041b\u0435\u0442\u043d\u044f\u044f \u043e\u0434\u0435\u0436\u0434\u0430", "type": 3}}, {"model": "wsapp.product", "pk": 1, "fields": {"title_pr": "Nexus 5x", "description_pr": "\u041d\u0435\u043f\u043b\u043e\u0445\u043e\u0439 \u0442\u0435\u043b\u0435\u0444\u043e\u043d", "amount_pr": 5, "image": "static/products/nexus5x.webp", "subtype": 1, "type": 1}}, {"model": "wsapp.product", "pk": 2, "fields": {"title_pr": "iPhone 7", "description_pr": "\u0422\u0435\u043b\u0435\u0444\u043e\u043d \u0441 \u044f\u0431\u043b\u043e\u043a\u043e\u043c", "amount_pr": 2, "image": "static/products/iphone7.webp", "subtype": 1, "type": 1}}, {"model": "wsapp.product", "pk": 3, "fields": {"title_pr": "\u0424\u0443\u0444\u0430\u0439\u043a\u0430", "description_pr": "\u041f\u043e\u043b\u043e\u0441\u0430\u0442\u0430\u044f", "amount_pr": 10, "image": "static/products/fufajka.jpg", "subtype": 2, "type": 3}}, {"model": "wsapp.product", "pk": 4, "fields": {"title_pr": "Pixel 2", "description_pr": "\u041a\u043b\u0430\u0441\u0441\u043d\u0430\u044f \u043a\u0430\u043c\u0435\u0440\u0430", "amount_pr": 7, "image": "static/products/pixel2.webp", "subtype": 1, "type": 1}}, {"model": "wsapp.product", "pk": 5, "fields": {"title_pr": "Samsung S8", "description_pr": "Samsung S8", "amount_pr": 4, "image": "static/products/samsungs8.webp", "subtype": 1, "type": 1}}, {"model": "wsapp.article", "pk": 1, "fields": {"title_a": "\u041d\u0435 \u0437\u043d\u0430\u0435\u0442\u0435, \u0447\u0442\u043e \u043d\u0430\u0434\u0435\u0442\u044c \u043b\u0435\u0442\u043e\u043c?", "description_a": "\u0412\u043e\u0442, \u0447\u0442\u043e \u043c\u044b \u043c\u043e\u0436\u0435\u043c \u043f\u0440\u0435\u0434\u043b\u043e\u0436\u0438\u0442\u044c:", "published_at": "2019-12-13T23:35:48Z", "products": [3]}}, {"model": "wsapp.article", "pk": 2, "fields": {"title_a": "\u041c\u043e\u0431\u0438\u043b\u044b", "description_a": "\u041b\u0443\u0447\u0448\u0438\u0435 - \u0442\u043e\u043b\u044c\u043a\u043e \u0443 \u043d\u0430\u0441:", "published_at": "2019-12-14T23:35:34Z", "products": [1, 2, 4, 5]}}, {"model": "wsapp.order", "pk": 1, "fields": {"status": "\u043e\u0444\u043e\u0440\u043c\u043b\u0435\u043d"}}, {"model": "wsapp.order", "pk": 2, "fields": {"status": "\u043e\u0444\u043e\u0440\u043c\u043b\u0435\u043d"}}, {"model": "wsapp.order", "pk": 3, "fields": {"status": "\u043e\u0444\u043e\u0440\u043c\u043b\u0435\u043d"}}, {"model": "wsapp.order", "pk": 4, "fields": {"status": "\u043e\u0444\u043e\u0440\u043c\u043b\u0435\u043d"}}, {"model": "wsapp.order", "pk": 5, "fields": {"status": "\u043e\u0444\u043e\u0440\u043c\u043b\u0435\u043d"}}, {"model": "wsapp.order", "pk": 6, "fields": {"status": "\u043e\u0444\u043e\u0440\u043c\u043b\u0435\u043d"}}, {"model": "wsapp.order", "pk": 7, "fields": {"status": "\u043e\u0444\u043e\u0440\u043c\u043b\u0435\u043d"}}, {"model": "wsapp.detailorder", "pk": 1, "fields": {"amount_do": 1, "product": 1, "person": 1, "order": 1}}, {"model": "wsapp.detailorder", "pk": 2, "fields": {"amount_do": 1, "product": 2, "person": 2, "order": 2}}, {"model": "wsapp.detailorder", "pk": 27, "fields": {"amount_do": 1, "product": 4, "person": 1, "order": 4}}, {"model": "wsapp.detailorder", "pk": 28, "fields": {"amount_do": 1, "product": 2, "person": 1, "order": 4}}, {"model": "wsapp.detailorder", "pk": 29, "fields": {"amount_do": 1, "product": 1, "person": 1, "order": 4}}, {"model": "wsapp.detailorder", "pk": 30, "fields": {"amount_do": 1, "product": 3, "person": 1, "order": 4}}, {"model": "wsapp.detailorder", "pk": 31, "fields": {"amount_do": 1, "product": 5, "person": 1, "order": 4}}, {"model": "wsapp.detailorder", "pk": 32, "fields": {"amount_do": 1, "product": 1, "person": 1, "order": 5}}, {"model": "wsapp.detailorder", "pk": 33, "fields": {"amount_do": 1, "product": 2, "person": 1, "order": 7}}, {"model": "wsapp.detailorder", "pk": 34, "fields": {"amount_do": 1, "product": 3, "person": 2, "order": 6}}, {"model": "wsapp.detailorder", "pk": 35, "fields": {"amount_do": 1, "product": 2, "person": 1, "order": null}}, {"model": "wsapp.detailorder", "pk": 36, "fields": {"amount_do": 1, "product": 3, "person": 1, "order": null}}, {"model": "wsapp.detailorder", "pk": 37, "fields": {"amount_do": 1, "product": 1, "person": 1, "order": null}}, {"model": "wsapp.detailorder", "pk": 38, "fields": {"amount_do": 1, "product": 3, "person": 2, "order": null}}, {"model": "wsapp.detailorder", "pk": 39, "fields": {"amount_do": 1, "product": 1, "person": 2, "order": null}}, {"model": "wsapp.detailorder", "pk": 40, "fields": {"amount_do": 1, "product": 4, "person": 1, "order": null}}, {"model": "wsapp.review", "pk": 1, "fields": {"mark": 5, "review": "\u041e\u0442\u043b\u0438\u0447\u043d\u0430\u044f \u0444\u0443\u0444\u0430\u0439\u043a\u0430!", "product": 3, "person": 1}}, {"model": "wsapp.review", "pk": 2, "fields": {"mark": 5, "review": "\u0425\u043e\u0440\u043e\u0448\u0438\u0439 \u043e\u0442\u0437\u044b\u0432", "product": 1, "person": 1}}, {"model": "wsapp.review", "pk": 3, "fields": {"mark": 2, "review": "\u041f\u043b\u043e\u0445\u043e\u0439 \u043e\u0442\u0437\u044b\u0432", "product": 1, "person": 2}}, {"model": "wsapp.review", "pk": 4, "fields": {"mark": 5, "review": "", "product": 2, "person": 1}}, {"model": "wsapp.review", "pk": 5, "fields": {"mark": 3, "review": "\u0425\u043e\u0440\u043e\u0448\u0438\u0439 \u044f\u0431\u043b\u043e\u0447\u043d\u044b\u0439 \u0442\u0435\u043b\u0435\u0444\u043e\u043d", "product": 2, "person": 2}}, {"model": "admin.logentry", "pk": 1, "fields": {"action_time": "2019-12-08T00:46:48.154Z", "user": 1, "content_type": 9, "object_id": "1", "object_repr": "\u0421\u043c\u0430\u0440\u0442\u0444\u043e\u043d\u044b", "action_flag": 1, "change_message": "[{\"added\": {}}]"}}, {"model": "admin.logentry", "pk": 2, "fields": {"action_time": "2019-12-08T00:47:57.135Z", "user": 1, "content_type": 7, "object_id": "1", "object_repr": "\u0413\u0430\u0434\u0436\u0435\u0442\u044b", "action_flag": 1, "change_message": "[{\"added\": {}}]"}}, {"model": "admin.logentry", "pk": 3, "fields": {"action_time": "2019-12-08T00:48:06.726Z", "user": 1, "content_type": 9, "object_id": "1", "object_repr": "\u0421\u043c\u0430\u0440\u0442\u0444\u043e\u043d\u044b", "action_flag": 2, "change_message": "[{\"changed\": {\"fields\": [\"type\"]}}]"}}, {"model": "admin.logentry", "pk": 4, "fields": {"action_time": "2019-12-08T01:31:25.210Z", "user": 1, "content_type": 8, "object_id": "1", "object_repr": "Nexus 5x", "action_flag": 1, "change_message": "[{\"added\": {}}]"}}, {"model": "admin.logentry", "pk": 5, "fields": {"action_time": "2019-12-08T01:32:20.345Z", "user": 1, "content_type": 10, "object_id": "1", "object_repr": "\u041d\u043e\u0432\u0438\u043d\u043a\u0438", "action_flag": 1, "change_message": "[{\"added\": {}}, {\"added\": {\"name\": \"article-product relationship\", \"object\": \"Article_products object (1)\"}}]"}}, {"model": "admin.logentry", "pk": 6, "fields": {"action_time": "2019-12-08T01:33:17.018Z", "user": 1, "content_type": 8, "object_id": "2", "object_repr": "iPhone 7", "action_flag": 1, "change_message": "[{\"added\": {}}]"}}, {"model": "admin.logentry", "pk": 7, "fields": {"action_time": "2019-12-08T01:33:28.192Z", "user": 1, "content_type": 10, "object_id": "1", "object_repr": "\u041d\u043e\u0432\u0438\u043d\u043a\u0438", "action_flag": 2, "change_message": "[{\"added\": {\"name\": \"article-product relationship\", \"object\": \"Article_products object (2)\"}}]"}}, {"model": "admin.logentry", "pk": 8, "fields": {"action_time": "2019-12-08T01:39:28.190Z", "user": 1, "content_type": 10, "object_id": "2", "object_repr": "\u041d\u043e\u0432\u0438\u043d\u043a\u0438 2019", "action_flag": 1, "change_message": "[{\"added\": {}}, {\"added\": {\"name\": \"article-product relationship\", \"object\": \"Article_products object (3)\"}}]"}}, {"model": "admin.logentry", "pk": 9, "fields": {"action_time": "2019-12-08T01:47:16.722Z", "user": 1, "content_type": 11, "object_id": "1", "object_repr": "DetailOrder object (1)", "action_flag": 1, "change_message": "[{\"added\": {}}]"}}, {"model": "admin.logentry", "pk": 10, "fields": {"action_time": "2019-12-08T01:47:50.563Z", "user": 1, "content_type": 13, "object_id": "1", "object_repr": "Order object (1)", "action_flag": 1, "change_message": "[{\"added\": {}}]"}}, {"model": "admin.logentry", "pk": 11, "fields": {"action_time": "2019-12-08T01:48:14.107Z", "user": 1, "content_type": 11, "object_id": "1", "object_repr": "DetailOrder object (1)", "action_flag": 2, "change_message": "[{\"changed\": {\"fields\": [\"order\"]}}]"}}, {"model": "admin.logentry", "pk": 12, "fields": {"action_time": "2019-12-08T02:06:13.218Z", "user": 1, "content_type": 11, "object_id": "1", "object_repr": "DetailOrder object (1)", "action_flag": 2, "change_message": "[{\"changed\": {\"fields\": [\"person\"]}}]"}}, {"model": "admin.logentry", "pk": 13, "fields": {"action_time": "2019-12-08T02:09:10.828Z", "user": 1, "content_type": 4, "object_id": "2", "object_repr": "felix", "action_flag": 1, "change_message": "[{\"added\": {}}]"}}, {"model": "admin.logentry", "pk": 14, "fields": {"action_time": "2019-12-08T02:09:29.486Z", "user": 1, "content_type": 4, "object_id": "2", "object_repr": "felix", "action_flag": 2, "change_message": "[]"}}, {"model": "admin.logentry", "pk": 15, "fields": {"action_time": "2019-12-08T02:10:01.202Z", "user": 1, "content_type": 11, "object_id": "2", "object_repr": "DetailOrder object (2)", "action_flag": 1, "change_message": "[{\"added\": {}}]"}}, {"model": "admin.logentry", "pk": 16, "fields": {"action_time": "2019-12-08T02:10:51.042Z", "user": 1, "content_type": 13, "object_id": "2", "object_repr": "2", "action_flag": 1, "change_message": "[{\"added\": {}}]"}}, {"model": "admin.logentry", "pk": 17, "fields": {"action_time": "2019-12-08T02:11:06.915Z", "user": 1, "content_type": 11, "object_id": "2", "object_repr": "DetailOrder object (2)", "action_flag": 2, "change_message": "[{\"changed\": {\"fields\": [\"order\"]}}]"}}, {"model": "admin.logentry", "pk": 18, "fields": {"action_time": "2019-12-09T19:19:28.733Z", "user": 1, "content_type": 10, "object_id": "2", "object_repr": "\u041d\u043e\u0432\u0438\u043d\u043a\u0438 2007", "action_flag": 2, "change_message": "[{\"changed\": {\"fields\": [\"title_a\"]}}]"}}, {"model": "admin.logentry", "pk": 19, "fields": {"action_time": "2019-12-09T19:43:00.943Z", "user": 1, "content_type": 7, "object_id": "2", "object_repr": "\u0410\u043a\u0441\u0435\u0441\u0443\u0430\u0440\u044b", "action_flag": 1, "change_message": "[{\"added\": {}}]"}}, {"model": "admin.logentry", "pk": 20, "fields": {"action_time": "2019-12-09T19:43:01.189Z", "user": 1, "content_type": 7, "object_id": "3", "object_repr": "\u0410\u043a\u0441\u0435\u0441\u0443\u0430\u0440\u044b", "action_flag": 1, "change_message": "[{\"added\": {}}]"}}, {"model": "admin.logentry", "pk": 21, "fields": {"action_time": "2019-12-09T19:43:14.470Z", "user": 1, "content_type": 7, "object_id": "3", "object_repr": "\u0410\u043a\u0441\u0435\u0441\u0443\u0430\u0440\u044b", "action_flag": 3, "change_message": ""}}, {"model": "admin.logentry", "pk": 22, "fields": {"action_time": "2019-12-09T20:32:21.451Z", "user": 1, "content_type": 10, "object_id": "1", "object_repr": "\u0427\u0442\u043e \u043d\u0430\u0434\u0435\u0442\u044c?", "action_flag": 2, "change_message": "[{\"changed\": {\"fields\": [\"title_a\"]}}]"}}, {"model": "admin.logentry", "pk": 23, "fields": {"action_time": "2019-12-09T20:33:44.238Z", "user": 1, "content_type": 9, "object_id": "2", "object_repr": "\u041e\u0434\u0435\u0436\u0434\u0430", "action_flag": 1, "change_message": "[{\"added\": {}}]"}}, {"model": "admin.logentry", "pk": 24, "fields": {"action_time": "2019-12-09T20:34:33.236Z", "user": 1, "content_type": 8, "object_id": "3", "object_repr": "\u0424\u0443\u0444\u0430\u0439\u043a\u0430", "action_flag": 1, "change_message": "[{\"added\": {}}]"}}, {"model": "admin.logentry", "pk": 25, "fields": {"action_time": "2019-12-09T20:39:29.465Z", "user": 1, "content_type": 10, "object_id": "1", "object_repr": "\u0427\u0442\u043e \u043d\u0430\u0434\u0435\u0442\u044c?", "action_flag": 2, "change_message": "[{\"deleted\": {\"name\": \"article-product relationship\", \"object\": \"Article_products object (None)\"}}]"}}, {"model": "admin.logentry", "pk": 26, "fields": {"action_time": "2019-12-09T20:39:36.606Z", "user": 1, "content_type": 10, "object_id": "1", "object_repr": "\u0427\u0442\u043e \u043d\u0430\u0434\u0435\u0442\u044c?", "action_flag": 2, "change_message": "[{\"changed\": {\"name\": \"article-product relationship\", \"object\": \"Article_products object (1)\", \"fields\": [\"product\"]}}]"}}, {"model": "admin.logentry", "pk": 27, "fields": {"action_time": "2019-12-09T20:39:45.712Z", "user": 1, "content_type": 10, "object_id": "2", "object_repr": "\u041d\u043e\u0432\u0438\u043d\u043a\u0438 2007", "action_flag": 2, "change_message": "[{\"added\": {\"name\": \"article-product relationship\", \"object\": \"Article_products object (4)\"}}]"}}, {"model": "admin.logentry", "pk": 28, "fields": {"action_time": "2019-12-09T20:40:03.029Z", "user": 1, "content_type": 10, "object_id": "2", "object_repr": "\u041d\u043e\u0432\u0438\u043d\u043a\u0438", "action_flag": 2, "change_message": "[{\"changed\": {\"fields\": [\"title_a\"]}}]"}}, {"model": "admin.logentry", "pk": 29, "fields": {"action_time": "2019-12-09T20:40:13.684Z", "user": 1, "content_type": 10, "object_id": "1", "object_repr": "\u0427\u0442\u043e \u043d\u0430\u0434\u0435\u0442\u044c \u043b\u0435\u0442\u043e\u043c?", "action_flag": 2, "change_message": "[{\"changed\": {\"fields\": [\"title_a\"]}}]"}}, {"model": "admin.logentry", "pk": 30, "fields": {"action_time": "2019-12-09T21:08:40.879Z", "user": 1, "content_type": 4, "object_id": "2", "object_repr": "felix@gmail.com", "action_flag": 2, "change_message": "[{\"changed\": {\"fields\": [\"username\"]}}]"}}, {"model": "admin.logentry", "pk": 31, "fields": {"action_time": "2019-12-09T22:05:25.512Z", "user": 1, "content_type": 10, "object_id": "1", "object_repr": "\u041d\u0435 \u0437\u043d\u0430\u0435\u0442\u0435, \u0447\u0442\u043e \u043d\u0430\u0434\u0435\u0442\u044c \u043b\u0435\u0442\u043e\u043c?", "action_flag": 2, "change_message": "[{\"changed\": {\"fields\": [\"title_a\"]}}]"}}, {"model": "admin.logentry", "pk": 32, "fields": {"action_time": "2019-12-09T22:06:04.067Z", "user": 1, "content_type": 10, "object_id": "2", "object_repr": "\u0414\u043e\u0431\u0440\u043e \u043f\u043e\u0436\u0430\u043b\u043e\u0432\u0430\u0442\u044c \u043d\u0430 \u0441\u0430\u0439\u0442 \u043f\u0440\u043e\u0441\u0442", "action_flag": 2, "change_message": "[{\"changed\": {\"fields\": [\"title_a\"]}}]"}}, {"model": "admin.logentry", "pk": 33, "fields": {"action_time": "2019-12-09T22:12:08.052Z", "user": 1, "content_type": 10, "object_id": "2", "object_repr": "\u0414\u043e\u0431\u0440\u043e \u043f\u043e\u0436\u0430\u043b\u043e\u0432\u0430\u0442\u044c \u043d\u0430 \u0441\u0430\u0439\u0442 \u043f\u0440\u043e\u0441\u0442\u043e \u043c\u0430\u0433\u0430\u0437\u0438\u043d\u0430", "action_flag": 2, "change_message": "[{\"changed\": {\"fields\": [\"title_a\", \"description_a\"]}}]"}}, {"model": "admin.logentry", "pk": 34, "fields": {"action_time": "2019-12-09T22:12:30.740Z", "user": 1, "content_type": 10, "object_id": "1", "object_repr": "\u041d\u0435 \u0437\u043d\u0430\u0435\u0442\u0435, \u0447\u0442\u043e \u043d\u0430\u0434\u0435\u0442\u044c \u043b\u0435\u0442\u043e\u043c?", "action_flag": 2, "change_message": "[{\"changed\": {\"fields\": [\"description_a\"]}}]"}}, {"model": "admin.logentry", "pk": 35, "fields": {"action_time": "2019-12-09T22:44:19.894Z", "user": 1, "content_type": 8, "object_id": "3", "object_repr": "\u0424\u0443\u0444\u0430\u0439\u043a\u0430", "action_flag": 2, "change_message": "[{\"changed\": {\"fields\": [\"image\"]}}]"}}, {"model": "admin.logentry", "pk": 36, "fields": {"action_time": "2019-12-09T22:45:33.101Z", "user": 1, "content_type": 10, "object_id": "2", "object_repr": "\u041c\u043e\u0431\u0438\u043b\u044b", "action_flag": 2, "change_message": "[{\"changed\": {\"fields\": [\"title_a\", \"description_a\"]}}]"}}, {"model": "admin.logentry", "pk": 37, "fields": {"action_time": "2019-12-09T22:46:22.969Z", "user": 1, "content_type": 8, "object_id": "2", "object_repr": "iPhone 7", "action_flag": 2, "change_message": "[{\"changed\": {\"fields\": [\"image\"]}}]"}}, {"model": "admin.logentry", "pk": 38, "fields": {"action_time": "2019-12-09T22:46:36.307Z", "user": 1, "content_type": 8, "object_id": "1", "object_repr": "Nexus 5x", "action_flag": 2, "change_message": "[{\"changed\": {\"fields\": [\"image\"]}}]"}}, {"model": "admin.logentry", "pk": 39, "fields": {"action_time": "2019-12-09T22:47:25.081Z", "user": 1, "content_type": 8, "object_id": "4", "object_repr": "Pixel 2", "action_flag": 1, "change_message": "[{\"added\": {}}]"}}, {"model": "admin.logentry", "pk": 40, "fields": {"action_time": "2019-12-09T22:47:43.444Z", "user": 1, "content_type": 10, "object_id": "2", "object_repr": "\u041c\u043e\u0431\u0438\u043b\u044b", "action_flag": 2, "change_message": "[{\"added\": {\"name\": \"article-product relationship\", \"object\": \"Article_products object (5)\"}}]"}}, {"model": "admin.logentry", "pk": 41, "fields": {"action_time": "2019-12-09T23:35:37.770Z", "user": 1, "content_type": 10, "object_id": "2", "object_repr": "\u041c\u043e\u0431\u0438\u043b\u044b", "action_flag": 2, "change_message": "[{\"changed\": {\"fields\": [\"published_at\"]}}]"}}, {"model": "admin.logentry", "pk": 42, "fields": {"action_time": "2019-12-09T23:35:53.130Z", "user": 1, "content_type": 10, "object_id": "1", "object_repr": "\u041d\u0435 \u0437\u043d\u0430\u0435\u0442\u0435, \u0447\u0442\u043e \u043d\u0430\u0434\u0435\u0442\u044c \u043b\u0435\u0442\u043e\u043c?", "action_flag": 2, "change_message": "[{\"changed\": {\"fields\": [\"published_at\"]}}]"}}, {"model": "admin.logentry", "pk": 43, "fields": {"action_time": "2019-12-09T23:36:06.779Z", "user": 1, "content_type": 10, "object_id": "2", "object_repr": "\u041c\u043e\u0431\u0438\u043b\u044b", "action_flag": 2, "change_message": "[{\"changed\": {\"fields\": [\"published_at\"]}}]"}}, {"model": "admin.logentry", "pk": 44, "fields": {"action_time": "2019-12-09T23:40:18.934Z", "user": 1, "content_type": 8, "object_id": "5", "object_repr": "Samsung S8", "action_flag": 1, "change_message": "[{\"added\": {}}]"}}, {"model": "admin.logentry", "pk": 45, "fields": {"action_time": "2019-12-09T23:40:34.519Z", "user": 1, "content_type": 10, "object_id": "2", "object_repr": "\u041c\u043e\u0431\u0438\u043b\u044b", "action_flag": 2, "change_message": "[{\"added\": {\"name\": \"article-product relationship\", \"object\": \"Article_products object (6)\"}}]"}}, {"model": "admin.logentry", "pk": 46, "fields": {"action_time": "2019-12-09T23:40:51.678Z", "user": 1, "content_type": 10, "object_id": "2", "object_repr": "\u041c\u043e\u0431\u0438\u043b\u044b", "action_flag": 2, "change_message": "[{\"changed\": {\"fields\": [\"published_at\"]}}]"}}, {"model": "admin.logentry", "pk": 47, "fields": {"action_time": "2019-12-10T01:57:36.539Z", "user": 1, "content_type": 9, "object_id": "1", "object_repr": "\u0421\u043c\u0430\u0440\u0442\u0444\u043e\u043d\u044b", "action_flag": 2, "change_message": "[{\"changed\": {\"fields\": [\"slug_subt\"]}}]"}}, {"model": "admin.logentry", "pk": 48, "fields": {"action_time": "2019-12-10T01:58:59.476Z", "user": 1, "content_type": 9, "object_id": "2", "object_repr": "\u041b\u0435\u0442\u043d\u044f\u044f \u043e\u0434\u0435\u0436\u0434\u0430", "action_flag": 2, "change_message": "[{\"changed\": {\"fields\": [\"title_subt\", \"slug_subt\"]}}]"}}, {"model": "admin.logentry", "pk": 49, "fields": {"action_time": "2019-12-10T01:59:48.572Z", "user": 1, "content_type": 7, "object_id": "3", "object_repr": "\u041e\u0434\u0435\u0436\u0434\u0430", "action_flag": 1, "change_message": "[{\"added\": {}}]"}}, {"model": "admin.logentry", "pk": 50, "fields": {"action_time": "2019-12-10T02:07:55.897Z", "user": 1, "content_type": 9, "object_id": "1", "object_repr": "\u0421\u043c\u0430\u0440\u0442\u0444\u043e\u043d\u044b", "action_flag": 2, "change_message": "[{\"changed\": {\"fields\": [\"slug_subt\"]}}]"}}, {"model": "admin.logentry", "pk": 51, "fields": {"action_time": "2019-12-10T02:10:07.605Z", "user": 1, "content_type": 9, "object_id": "2", "object_repr": "\u041b\u0435\u0442\u043d\u044f\u044f \u043e\u0434\u0435\u0436\u0434\u0430", "action_flag": 2, "change_message": "[{\"changed\": {\"fields\": [\"type\"]}}]"}}, {"model": "admin.logentry", "pk": 52, "fields": {"action_time": "2019-12-10T05:53:36.396Z", "user": 1, "content_type": 7, "object_id": "4", "object_repr": "qwe", "action_flag": 1, "change_message": "[{\"added\": {}}]"}}, {"model": "admin.logentry", "pk": 53, "fields": {"action_time": "2019-12-10T05:53:51.548Z", "user": 1, "content_type": 9, "object_id": "3", "object_repr": "qweqwe", "action_flag": 1, "change_message": "[{\"added\": {}}]"}}, {"model": "admin.logentry", "pk": 54, "fields": {"action_time": "2019-12-10T05:55:01.996Z", "user": 1, "content_type": 7, "object_id": "4", "object_repr": "qwe", "action_flag": 3, "change_message": ""}}, {"model": "admin.logentry", "pk": 55, "fields": {"action_time": "2019-12-10T05:55:26.787Z", "user": 1, "content_type": 9, "object_id": "3", "object_repr": "qweqwe", "action_flag": 3, "change_message": ""}}, {"model": "admin.logentry", "pk": 56, "fields": {"action_time": "2019-12-11T08:46:27.496Z", "user": 1, "content_type": 8, "object_id": "5", "object_repr": "Samsung S8", "action_flag": 2, "change_message": "[{\"changed\": {\"fields\": [\"image\", \"imagee\"]}}]"}}, {"model": "admin.logentry", "pk": 57, "fields": {"action_time": "2019-12-11T08:47:13.337Z", "user": 1, "content_type": 8, "object_id": "4", "object_repr": "Pixel 2", "action_flag": 2, "change_message": "[{\"changed\": {\"fields\": [\"image\", \"imagee\"]}}]"}}, {"model": "admin.logentry", "pk": 58, "fields": {"action_time": "2019-12-11T08:47:28.642Z", "user": 1, "content_type": 8, "object_id": "3", "object_repr": "\u0424\u0443\u0444\u0430\u0439\u043a\u0430", "action_flag": 2, "change_message": "[{\"changed\": {\"fields\": [\"image\", \"imagee\"]}}]"}}, {"model": "admin.logentry", "pk": 59, "fields": {"action_time": "2019-12-11T08:47:39.974Z", "user": 1, "content_type": 8, "object_id": "2", "object_repr": "iPhone 7", "action_flag": 2, "change_message": "[{\"changed\": {\"fields\": [\"image\", \"imagee\"]}}]"}}, {"model": "admin.logentry", "pk": 60, "fields": {"action_time": "2019-12-11T08:47:55.818Z", "user": 1, "content_type": 8, "object_id": "1", "object_repr": "Nexus 5x", "action_flag": 2, "change_message": "[{\"changed\": {\"fields\": [\"image\", \"imagee\"]}}]"}}, {"model": "admin.logentry", "pk": 61, "fields": {"action_time": "2019-12-11T08:50:49.619Z", "user": 1, "content_type": 8, "object_id": "5", "object_repr": "Samsung S8", "action_flag": 2, "change_message": "[{\"changed\": {\"fields\": [\"image\"]}}]"}}, {"model": "admin.logentry", "pk": 62, "fields": {"action_time": "2019-12-11T08:51:07.145Z", "user": 1, "content_type": 8, "object_id": "4", "object_repr": "Pixel 2", "action_flag": 2, "change_message": "[{\"changed\": {\"fields\": [\"image\"]}}]"}}, {"model": "admin.logentry", "pk": 63, "fields": {"action_time": "2019-12-11T08:51:15.118Z", "user": 1, "content_type": 8, "object_id": "3", "object_repr": "\u0424\u0443\u0444\u0430\u0439\u043a\u0430", "action_flag": 2, "change_message": "[{\"changed\": {\"fields\": [\"image\"]}}]"}}, {"model": "admin.logentry", "pk": 64, "fields": {"action_time": "2019-12-11T08:51:25.431Z", "user": 1, "content_type": 8, "object_id": "2", "object_repr": "iPhone 7", "action_flag": 2, "change_message": "[{\"changed\": {\"fields\": [\"image\"]}}]"}}, {"model": "admin.logentry", "pk": 65, "fields": {"action_time": "2019-12-11T08:51:38.465Z", "user": 1, "content_type": 8, "object_id": "1", "object_repr": "Nexus 5x", "action_flag": 2, "change_message": "[{\"changed\": {\"fields\": [\"image\"]}}]"}}, {"model": "admin.logentry", "pk": 66, "fields": {"action_time": "2019-12-11T10:09:38.213Z", "user": 1, "content_type": 8, "object_id": "5", "object_repr": "Samsung S8", "action_flag": 2, "change_message": "[{\"changed\": {\"fields\": [\"image\"]}}]"}}, {"model": "admin.logentry", "pk": 67, "fields": {"action_time": "2019-12-11T10:09:46.166Z", "user": 1, "content_type": 8, "object_id": "5", "object_repr": "Samsung S8", "action_flag": 2, "change_message": "[{\"changed\": {\"fields\": [\"image\"]}}]"}}, {"model": "admin.logentry", "pk": 68, "fields": {"action_time": "2019-12-11T10:12:36.977Z", "user": 1, "content_type": 8, "object_id": "5", "object_repr": "Samsung S8", "action_flag": 2, "change_message": "[{\"changed\": {\"fields\": [\"image\"]}}]"}}, {"model": "admin.logentry", "pk": 69, "fields": {"action_time": "2019-12-11T10:13:16.831Z", "user": 1, "content_type": 8, "object_id": "5", "object_repr": "Samsung S8", "action_flag": 2, "change_message": "[{\"changed\": {\"fields\": [\"image\"]}}]"}}, {"model": "admin.logentry", "pk": 70, "fields": {"action_time": "2019-12-11T10:15:55.363Z", "user": 1, "content_type": 8, "object_id": "4", "object_repr": "Pixel 2", "action_flag": 2, "change_message": "[{\"changed\": {\"fields\": [\"image\"]}}]"}}, {"model": "admin.logentry", "pk": 71, "fields": {"action_time": "2019-12-11T10:16:03.165Z", "user": 1, "content_type": 8, "object_id": "4", "object_repr": "Pixel 2", "action_flag": 2, "change_message": "[{\"changed\": {\"fields\": [\"image\"]}}]"}}, {"model": "admin.logentry", "pk": 72, "fields": {"action_time": "2019-12-11T10:20:06.849Z", "user": 1, "content_type": 8, "object_id": "5", "object_repr": "Samsung S8", "action_flag": 2, "change_message": "[{\"changed\": {\"fields\": [\"image\"]}}]"}}, {"model": "admin.logentry", "pk": 73, "fields": {"action_time": "2019-12-11T10:20:15.948Z", "user": 1, "content_type": 8, "object_id": "5", "object_repr": "Samsung S8", "action_flag": 2, "change_message": "[{\"changed\": {\"fields\": [\"image\"]}}]"}}, {"model": "admin.logentry", "pk": 74, "fields": {"action_time": "2019-12-11T10:21:36.117Z", "user": 1, "content_type": 8, "object_id": "4", "object_repr": "Pixel 2", "action_flag": 2, "change_message": "[{\"changed\": {\"fields\": [\"image\"]}}]"}}, {"model": "admin.logentry", "pk": 75, "fields": {"action_time": "2019-12-11T10:21:42.177Z", "user": 1, "content_type": 8, "object_id": "4", "object_repr": "Pixel 2", "action_flag": 2, "change_message": "[{\"changed\": {\"fields\": [\"image\"]}}]"}}, {"model": "admin.logentry", "pk": 76, "fields": {"action_time": "2019-12-11T10:21:55.001Z", "user": 1, "content_type": 8, "object_id": "3", "object_repr": "\u0424\u0443\u0444\u0430\u0439\u043a\u0430", "action_flag": 2, "change_message": "[{\"changed\": {\"fields\": [\"image\"]}}]"}}, {"model": "admin.logentry", "pk": 77, "fields": {"action_time": "2019-12-11T10:22:02.286Z", "user": 1, "content_type": 8, "object_id": "3", "object_repr": "\u0424\u0443\u0444\u0430\u0439\u043a\u0430", "action_flag": 2, "change_message": "[{\"changed\": {\"fields\": [\"image\"]}}]"}}, {"model": "admin.logentry", "pk": 78, "fields": {"action_time": "2019-12-11T10:22:06.864Z", "user": 1, "content_type": 8, "object_id": "2", "object_repr": "iPhone 7", "action_flag": 2, "change_message": "[{\"changed\": {\"fields\": [\"image\"]}}]"}}, {"model": "admin.logentry", "pk": 79, "fields": {"action_time": "2019-12-11T10:22:16.311Z", "user": 1, "content_type": 8, "object_id": "2", "object_repr": "iPhone 7", "action_flag": 2, "change_message": "[{\"changed\": {\"fields\": [\"image\"]}}]"}}, {"model": "admin.logentry", "pk": 80, "fields": {"action_time": "2019-12-11T10:22:20.795Z", "user": 1, "content_type": 8, "object_id": "1", "object_repr": "Nexus 5x", "action_flag": 2, "change_message": "[{\"changed\": {\"fields\": [\"image\"]}}]"}}, {"model": "admin.logentry", "pk": 81, "fields": {"action_time": "2019-12-11T10:22:29.900Z", "user": 1, "content_type": 8, "object_id": "1", "object_repr": "Nexus 5x", "action_flag": 2, "change_message": "[{\"changed\": {\"fields\": [\"image\"]}}]"}}, {"model": "admin.logentry", "pk": 82, "fields": {"action_time": "2019-12-11T13:02:33.606Z", "user": 1, "content_type": 8, "object_id": "5", "object_repr": "Samsung S8", "action_flag": 2, "change_message": "[{\"changed\": {\"fields\": [\"type\"]}}]"}}, {"model": "admin.logentry", "pk": 83, "fields": {"action_time": "2019-12-11T13:02:39.293Z", "user": 1, "content_type": 8, "object_id": "4", "object_repr": "Pixel 2", "action_flag": 2, "change_message": "[{\"changed\": {\"fields\": [\"type\"]}}]"}}, {"model": "admin.logentry", "pk": 84, "fields": {"action_time": "2019-12-11T13:02:49.584Z", "user": 1, "content_type": 8, "object_id": "3", "object_repr": "\u0424\u0443\u0444\u0430\u0439\u043a\u0430", "action_flag": 2, "change_message": "[{\"changed\": {\"fields\": [\"type\"]}}]"}}, {"model": "admin.logentry", "pk": 85, "fields": {"action_time": "2019-12-11T13:02:57.628Z", "user": 1, "content_type": 8, "object_id": "2", "object_repr": "iPhone 7", "action_flag": 2, "change_message": "[{\"changed\": {\"fields\": [\"type\"]}}]"}}, {"model": "admin.logentry", "pk": 86, "fields": {"action_time": "2019-12-11T13:03:22.321Z", "user": 1, "content_type": 8, "object_id": "1", "object_repr": "Nexus 5x", "action_flag": 2, "change_message": "[{\"changed\": {\"fields\": [\"type\"]}}]"}}, {"model": "admin.logentry", "pk": 87, "fields": {"action_time": "2019-12-11T14:34:01.951Z", "user": 1, "content_type": 11, "object_id": "3", "object_repr": "DetailOrder object (3)", "action_flag": 3, "change_message": ""}}, {"model": "admin.logentry", "pk": 88, "fields": {"action_time": "2019-12-11T15:41:23.103Z", "user": 1, "content_type": 11, "object_id": "6", "object_repr": "DetailOrder object (6)", "action_flag": 3, "change_message": ""}}, {"model": "admin.logentry", "pk": 89, "fields": {"action_time": "2019-12-11T15:42:40.807Z", "user": 1, "content_type": 11, "object_id": "7", "object_repr": "DetailOrder object (7)", "action_flag": 3, "change_message": ""}}, {"model": "admin.logentry", "pk": 90, "fields": {"action_time": "2019-12-11T15:51:03.713Z", "user": 1, "content_type": 11, "object_id": "9", "object_repr": "DetailOrder object (9)", "action_flag": 3, "change_message": ""}}, {"model": "admin.logentry", "pk": 91, "fields": {"action_time": "2019-12-11T15:51:03.870Z", "user": 1, "content_type": 11, "object_id": "8", "object_repr": "DetailOrder object (8)", "action_flag": 3, "change_message": ""}}, {"model": "admin.logentry", "pk": 92, "fields": {"action_time": "2019-12-11T15:54:42.572Z", "user": 1, "content_type": 11, "object_id": "10", "object_repr": "DetailOrder object (10)", "action_flag": 3, "change_message": ""}}, {"model": "admin.logentry", "pk": 93, "fields": {"action_time": "2019-12-11T16:02:10.927Z", "user": 1, "content_type": 11, "object_id": "15", "object_repr": "DetailOrder object (15)", "action_flag": 3, "change_message": ""}}, {"model": "admin.logentry", "pk": 94, "fields": {"action_time": "2019-12-11T16:02:11.084Z", "user": 1, "content_type": 11, "object_id": "14", "object_repr": "DetailOrder object (14)", "action_flag": 3, "change_message": ""}}, {"model": "admin.logentry", "pk": 95, "fields": {"action_time": "2019-12-11T16:02:11.204Z", "user": 1, "content_type": 11, "object_id": "13", "object_repr": "DetailOrder object (13)", "action_flag": 3, "change_message": ""}}, {"model": "admin.logentry", "pk": 96, "fields": {"action_time": "2019-12-11T16:02:11.309Z", "user": 1, "content_type": 11, "object_id": "12", "object_repr": "DetailOrder object (12)", "action_flag": 3, "change_message": ""}}, {"model": "admin.logentry", "pk": 97, "fields": {"action_time": "2019-12-11T16:03:22.607Z", "user": 1, "content_type": 11, "object_id": "18", "object_repr": "DetailOrder object (18)", "action_flag": 1, "change_message": "[{\"added\": {}}]"}}, {"model": "admin.logentry", "pk": 98, "fields": {"action_time": "2019-12-11T16:12:04.202Z", "user": 1, "content_type": 11, "object_id": "18", "object_repr": "DetailOrder object (18)", "action_flag": 3, "change_message": ""}}, {"model": "admin.logentry", "pk": 99, "fields": {"action_time": "2019-12-11T16:12:04.361Z", "user": 1, "content_type": 11, "object_id": "17", "object_repr": "DetailOrder object (17)", "action_flag": 3, "change_message": ""}}, {"model": "admin.logentry", "pk": 100, "fields": {"action_time": "2019-12-11T16:12:04.477Z", "user": 1, "content_type": 11, "object_id": "16", "object_repr": "DetailOrder object (16)", "action_flag": 3, "change_message": ""}}, {"model": "admin.logentry", "pk": 101, "fields": {"action_time": "2019-12-11T16:14:04.939Z", "user": 1, "content_type": 11, "object_id": "21", "object_repr": "DetailOrder object (21)", "action_flag": 3, "change_message": ""}}, {"model": "admin.logentry", "pk": 102, "fields": {"action_time": "2019-12-11T16:14:11.379Z", "user": 1, "content_type": 11, "object_id": "4", "object_repr": "DetailOrder object (4)", "action_flag": 3, "change_message": ""}}, {"model": "admin.logentry", "pk": 103, "fields": {"action_time": "2019-12-11T16:40:27.108Z", "user": 1, "content_type": 11, "object_id": "3", "object_repr": "DetailOrder object (3)", "action_flag": 3, "change_message": ""}}, {"model": "admin.logentry", "pk": 104, "fields": {"action_time": "2019-12-11T16:49:10.591Z", "user": 1, "content_type": 11, "object_id": "26", "object_repr": "DetailOrder object (26)", "action_flag": 3, "change_message": ""}}, {"model": "admin.logentry", "pk": 105, "fields": {"action_time": "2019-12-11T16:49:10.756Z", "user": 1, "content_type": 11, "object_id": "25", "object_repr": "DetailOrder object (25)", "action_flag": 3, "change_message": ""}}, {"model": "admin.logentry", "pk": 106, "fields": {"action_time": "2019-12-11T16:49:10.873Z", "user": 1, "content_type": 11, "object_id": "24", "object_repr": "DetailOrder object (24)", "action_flag": 3, "change_message": ""}}, {"model": "admin.logentry", "pk": 107, "fields": {"action_time": "2019-12-11T16:49:10.987Z", "user": 1, "content_type": 11, "object_id": "23", "object_repr": "DetailOrder object (23)", "action_flag": 3, "change_message": ""}}, {"model": "admin.logentry", "pk": 108, "fields": {"action_time": "2019-12-11T16:49:11.206Z", "user": 1, "content_type": 11, "object_id": "22", "object_repr": "DetailOrder object (22)", "action_flag": 3, "change_message": ""}}, {"model": "admin.logentry", "pk": 109, "fields": {"action_time": "2019-12-11T16:49:11.321Z", "user": 1, "content_type": 11, "object_id": "20", "object_repr": "DetailOrder object (20)", "action_flag": 3, "change_message": ""}}, {"model": "admin.logentry", "pk": 110, "fields": {"action_time": "2019-12-11T16:49:11.437Z", "user": 1, "content_type": 11, "object_id": "19", "object_repr": "DetailOrder object (19)", "action_flag": 3, "change_message": ""}}, {"model": "admin.logentry", "pk": 111, "fields": {"action_time": "2019-12-11T16:49:11.535Z", "user": 1, "content_type": 11, "object_id": "11", "object_repr": "DetailOrder object (11)", "action_flag": 3, "change_message": ""}}, {"model": "admin.logentry", "pk": 112, "fields": {"action_time": "2019-12-11T16:49:11.645Z", "user": 1, "content_type": 11, "object_id": "5", "object_repr": "DetailOrder object (5)", "action_flag": 3, "change_message": ""}}, {"model": "admin.logentry", "pk": 113, "fields": {"action_time": "2019-12-14T12:50:42.395Z", "user": 1, "content_type": 12, "object_id": "1", "object_repr": "5", "action_flag": 1, "change_message": "[{\"added\": {}}]"}}, {"model": "admin.logentry", "pk": 114, "fields": {"action_time": "2019-12-14T12:52:25.344Z", "user": 1, "content_type": 12, "object_id": "1", "object_repr": "5", "action_flag": 2, "change_message": "[{\"changed\": {\"fields\": [\"detail_order\"]}}]"}}, {"model": "admin.logentry", "pk": 115, "fields": {"action_time": "2019-12-14T13:02:34.262Z", "user": 1, "content_type": 12, "object_id": "1", "object_repr": "5", "action_flag": 2, "change_message": "[{\"changed\": {\"fields\": [\"product\", \"person\"]}}]"}}, {"model": "admin.logentry", "pk": 116, "fields": {"action_time": "2019-12-14T13:03:23.131Z", "user": 1, "content_type": 12, "object_id": "2", "object_repr": "5", "action_flag": 1, "change_message": "[{\"added\": {}}]"}}, {"model": "admin.logentry", "pk": 117, "fields": {"action_time": "2019-12-14T13:03:40.665Z", "user": 1, "content_type": 12, "object_id": "3", "object_repr": "2", "action_flag": 1, "change_message": "[{\"added\": {}}]"}}, {"model": "admin.logentry", "pk": 118, "fields": {"action_time": "2019-12-14T16:40:21.140Z", "user": 1, "content_type": 12, "object_id": "5", "object_repr": "3", "action_flag": 2, "change_message": "[{\"changed\": {\"fields\": [\"review\"]}}]"}}, {"model": "admin.logentry", "pk": 119, "fields": {"action_time": "2019-12-14T16:41:54.524Z", "user": 1, "content_type": 4, "object_id": "2", "object_repr": "felix@gmail.com", "action_flag": 2, "change_message": "[{\"changed\": {\"fields\": [\"date_joined\"]}}]"}}, {"model": "admin.logentry", "pk": 120, "fields": {"action_time": "2019-12-14T16:42:11.784Z", "user": 1, "content_type": 4, "object_id": "1", "object_repr": "admin", "action_flag": 2, "change_message": "[{\"changed\": {\"fields\": [\"date_joined\"]}}]"}}, {"model": "admin.logentry", "pk": 121, "fields": {"action_time": "2019-12-14T16:44:12.809Z", "user": 1, "content_type": 10, "object_id": "2", "object_repr": "\u041c\u043e\u0431\u0438\u043b\u044b", "action_flag": 2, "change_message": "[{\"changed\": {\"fields\": [\"published_at\"]}}]"}}, {"model": "admin.logentry", "pk": 122, "fields": {"action_time": "2019-12-14T16:44:26.531Z", "user": 1, "content_type": 10, "object_id": "1", "object_repr": "\u041d\u0435 \u0437\u043d\u0430\u0435\u0442\u0435, \u0447\u0442\u043e \u043d\u0430\u0434\u0435\u0442\u044c \u043b\u0435\u0442\u043e\u043c?", "action_flag": 2, "change_message": "[{\"changed\": {\"fields\": [\"published_at\"]}}]"}}]